region,dplace_count,dplace_percent,drh_count,drh_percent,seshat_count,seshat_percent,total_count,bias_indicator
Americas,6661,97.14160711681494,0,0.0,196,2.8583928831850662,6857,HIGH_DPLACE_BIAS
Asia-Pacific,2322,82.92857142857143,6,0.2142857142857143,472,16.857142857142858,2800,HIGH_DPLACE_BIAS
Africa,1689,69.05151267375307,2,0.08176614881439084,755,30.866721177432545,2446,MODERATE_DPLACE_BIAS
Europe,783,76.0932944606414,0,0.0,246,23.9067055393586,1029,MODERATE_DPLACE_BIAS
Unknown,0,0.0,0,0.0,521,100.0,521,BALANCED
Other,365,93.35038363171356,3,0.7672634271099744,23,5.88235294117647,391,HIGH_DPLACE_BIAS
