cluster,ancestor_mediation,animal_transformation,chanting_singing,dedicated_specialist,divination,entheogen_use,healing_function,hereditary_transmission,initiatory_crisis,initiatory_ordeal,layered_cosmology,nature_spirits,possession_crisis,public_performance,rhythmic_percussion,ritual_performance,soul_flight,specialist_presence,spirit_possession,trance_induction,unmapped_shamanic_indicators,n_cultures
0,0.0,0.0,0.0,0.0,0.0,0.4523809523809524,0.0,0.0,0.0,0.0,0.5,0.36904761904761907,0.0,0.0,0.0,0.0,0.0,0.9642857142857143,0.0,0.0,0.42009986855740944,42
1,0.007155635062611807,0.0,0.0017889087656529517,0.2808586762075134,0.0017889087656529517,0.0,0.0,0.0008944543828264759,0.0026833631484794273,0.0,0.0004472271914132379,0.0004472271914132379,0.0008944543828264759,0.027728085867620753,0.0,0.028324388789505068,0.0,0.059033989266547404,0.15652951699463327,0.24776386404293382,0.0579803927079995,1118
