cluster,ancestor_mediation,animal_transformation,chanting_singing,dedicated_specialist,divination,entheogen_use,healing_function,hereditary_transmission,initiatory_crisis,initiatory_ordeal,layered_cosmology,nature_spirits,possession_crisis,public_performance,rhythmic_percussion,ritual_performance,soul_flight,specialist_presence,spirit_possession,trance_induction,unmapped_shamanic_indicators,n_cultures
0,0.005998286203941731,0.0,0.001713796058269066,0.24457297914881465,0.002570694087403599,0.0,0.0,0.000856898029134533,0.002570694087403599,0.0,0.0004284490145672665,0.0004284490145672665,0.000856898029134533,0.026563838903170524,0.0,0.02713510425592688,0.0,0.056555269922879174,0.15252784918594686,0.2365038560411311,0.05554591178024288,1167
1,0.0,0.0,0.0,0.0,0.0,0.4523809523809524,0.0,0.0,0.0,0.0,0.5,0.36904761904761907,0.0,0.0,0.0,0.0,0.0,0.9642857142857143,0.0,0.0,0.42009986855740944,42
