k,silhouette,davies_bouldin,calinski_harabasz,inertia
2,0.38225602913989354,1.327903898933734,95.0561584555649,139.02389937106918
3,0.4225647859187956,1.0172951467136564,91.95106283951196,106.07149364452734
4,0.48074212288703244,1.110137757144211,93.38379882349567,84.23448255948257
5,0.5317956547753109,0.9491160741019374,92.52749644467255,70.51074961601277
6,0.5712866263626939,0.8354958742206597,93.34969763014874,59.927268303218696
7,0.5981979904971415,0.7739168358585584,95.66390889230522,51.31172875100911
8,0.6502685257228339,0.7471017555372175,100.16121284862322,43.7989082381886
9,0.6820753115944512,0.6927602056372247,101.09640944267922,38.900212566035705
10,0.6960631471159204,0.6289651837780438,101.59915261375488,35.01348460385192
